{
  "model": "RandomForestClassifier",
  "accuracy": 0.9811,
  "macro_f1": 0.9777,
  "rows": 1200,
  "classification_report": {
    "bacterial_leaf_blight": {
      "precision": 1.0,
      "recall": 1.0,
      "f1-score": 1.0,
      "support": 22.0
    },
    "citrus_canker": {
      "precision": 1.0,
      "recall": 1.0,
      "f1-score": 1.0,
      "support": 21.0
    },
    "early_blight": {
      "precision": 1.0,
      "recall": 1.0,
      "f1-score": 1.0,
      "support": 31.0
    },
    "healthy": {
      "precision": 0.9655172413793104,
      "recall": 1.0,
      "f1-score": 0.9824561403508771,
      "support": 140.0
    },
    "northern_leaf_blight": {
      "precision": 1.0,
      "recall": 1.0,
      "f1-score": 1.0,
      "support": 26.0
    },
    "nutrient_deficiency": {
      "precision": 1.0,
      "recall": 0.7916666666666666,
      "f1-score": 0.8837209302325582,
      "support": 24.0
    },
    "accuracy": 0.9810606060606061,
    "macro avg": {
      "precision": 0.9942528735632185,
      "recall": 0.9652777777777778,
      "f1-score": 0.9776961784305724,
      "support": 264.0
    },
    "weighted avg": {
      "precision": 0.9817136886102404,
      "recall": 0.9810606060606061,
      "f1-score": 0.9801256135405462,
      "support": 264.0
    }
  }
}