{
  "model": "RandomForestClassifier",
  "accuracy": 0.9773,
  "macro_f1": 0.9551,
  "rows": 1200,
  "classification_report": {
    "balanced_npk_maintenance": {
      "precision": 0.9693877551020408,
      "recall": 1.0,
      "f1-score": 0.9844559585492227,
      "support": 95.0
    },
    "lime_ph_correction": {
      "precision": 0.9777777777777777,
      "recall": 0.9777777777777777,
      "f1-score": 0.9777777777777777,
      "support": 45.0
    },
    "nitrogen_boost": {
      "precision": 1.0,
      "recall": 1.0,
      "f1-score": 1.0,
      "support": 64.0
    },
    "phosphorus_root_support": {
      "precision": 1.0,
      "recall": 0.8947368421052632,
      "f1-score": 0.9444444444444444,
      "support": 19.0
    },
    "potassium_fruit_support": {
      "precision": 1.0,
      "recall": 0.75,
      "f1-score": 0.8571428571428571,
      "support": 12.0
    },
    "sulfur_ph_correction": {
      "precision": 0.9354838709677419,
      "recall": 1.0,
      "f1-score": 0.9666666666666667,
      "support": 29.0
    },
    "accuracy": 0.9772727272727273,
    "macro avg": {
      "precision": 0.9804415673079268,
      "recall": 0.937085769980507,
      "f1-score": 0.9550812840968281,
      "support": 264.0
    },
    "weighted avg": {
      "precision": 0.9781093522452968,
      "recall": 0.9772727272727273,
      "f1-score": 0.9764651822941979,
      "support": 264.0
    }
  }
}