{
  "model": "GradientBoostingClassifier",
  "accuracy": 0.9886,
  "macro_f1": 0.9849,
  "rows": 1200,
  "classification_report": {
    "deep_irrigation": {
      "precision": 1.0,
      "recall": 0.9411764705882353,
      "f1-score": 0.9696969696969697,
      "support": 17.0
    },
    "no_irrigation": {
      "precision": 1.0,
      "recall": 0.9813084112149533,
      "f1-score": 0.9905660377358491,
      "support": 107.0
    },
    "short_cycle": {
      "precision": 0.9770114942528736,
      "recall": 1.0,
      "f1-score": 0.9883720930232558,
      "support": 85.0
    },
    "standard_cycle": {
      "precision": 0.9821428571428571,
      "recall": 1.0,
      "f1-score": 0.990990990990991,
      "support": 55.0
    },
    "accuracy": 0.9886363636363636,
    "macro avg": {
      "precision": 0.9897885878489326,
      "recall": 0.9806212204507971,
      "f1-score": 0.9849065228617664,
      "support": 264.0
    },
    "weighted avg": {
      "precision": 0.9888781596755736,
      "recall": 0.9886363636363636,
      "f1-score": 0.9886043444472181,
      "support": 264.0
    }
  }
}